{
    "ND": 0.10288402117007277,
    "RMSE": 0.630187402177826,
    "test_loss": 5.6704896176044635
}