{
    "ND-gauss": 0.09933172182949146,
    "RMSE-gauss": 0.6924857683850257,
    "ND-quant": 0.09826620606519926,
    "RMSE-quant": 0.7226152323867759,
    "test_loss-gauss": 5.491007560488651,
    "rou90-gauss": 0.08236132586738196,
    "rou50-gauss": 0.10080126303848937,
    "rou10-gauss": 0.083833077539496,
    "rou90-quant": 0.08150519974671915,
    "rou50-quant": 0.10041619939936235,
    "rou10-quant": 0.08541533704232365
}