{
    "ND-gauss": 0.09878571021975129,
    "RMSE-gauss": 0.6711096045390632,
    "ND-quant": 0.09990434099967488,
    "RMSE-quant": 0.752057835009228,
    "test_loss-gauss": 5.496382065938671,
    "rou90-gauss": 0.08229201307138972,
    "rou50-gauss": 0.10033143090047554,
    "rou10-gauss": 0.08365433730401527,
    "rou90-quant": 0.08312725722137942,
    "rou50-quant": 0.10196703282066202,
    "rou10-quant": 0.0860984226821307
}